{"cameraMode":{"drawMode":0,"name":"Shaded","section":"Shading Mode"},"sceneLighting":true,"audioPlay":false,"sceneViewState":{"showFog":false,"showMaterialUpdate":false,"showSkybox":false,"showFlares":false,"showImageEffects":false,"showParticleSystems":false},"in2DMode":false,"pivot":{"x":6.359458923339844,"y":5.327630043029785,"z":-1.8849716186523438},"rotation":{"x":0.042486049234867099,"y":0.135951429605484,"z":-0.005835821386426687,"w":0.9897879362106323},"size":77.6912612915039,"orthographic":false}